{"cameraMode":{"drawMode":0,"name":"Shaded","section":"Shading Mode"},"sceneLighting":false,"audioPlay":false,"sceneViewState":{"showFog":true,"showMaterialUpdate":false,"showSkybox":false,"showFlares":true,"showImageEffects":true,"showParticleSystems":true},"in2DMode":false,"pivot":{"x":348.64276123046877,"y":5.870622158050537,"z":495.5071716308594},"rotation":{"x":0.04418039321899414,"y":-0.09365557879209519,"z":-0.004222762305289507,"w":-0.9947116374969482},"size":2.4705164432525636,"orthographic":false}